{"cameraMode":{"drawMode":0,"name":"Shaded","section":"Shading Mode"},"sceneLighting":true,"audioPlay":false,"sceneViewState":{"showFog":true,"showMaterialUpdate":true,"showSkybox":true,"showFlares":true,"showImageEffects":true,"showParticleSystems":true},"in2DMode":false,"pivot":{"x":-0.1442406177520752,"y":-1.189162015914917,"z":-2.216155767440796},"rotation":{"x":-0.0601409375667572,"y":0.9394643902778626,"z":-0.22425246238708497,"w":-0.2520999014377594},"size":6.233426094055176,"orthographic":false}