{"cameraMode":{"drawMode":0,"name":"Shaded","section":"Shading Mode"},"sceneLighting":true,"audioPlay":false,"sceneViewState":{"showFog":true,"showMaterialUpdate":false,"showSkybox":true,"showFlares":true,"showImageEffects":true,"showParticleSystems":true},"in2DMode":false,"pivot":{"x":-12.848855972290039,"y":-9.61490249633789,"z":-9.374146461486817},"rotation":{"x":-0.13339866697788239,"y":0.8421958088874817,"z":-0.24291598796844483,"w":-0.46250173449516299},"size":24.220794677734376,"orthographic":false}